{
  "selected_ideals": [
    "Y11 ",
    "Y48 ",
    "Y42 ",
    "Y41 "
  ],
  "assigned_training": {
    "Y1 ": "Y42 ",
    "Y2 ": "Y41 ",
    "Y3 ": "Y11 ",
    "Y4 ": "Y48 "
  },
  "train_max_dev": {
    "Y1 | Y1 ": 40.912743729999995,
    "Y1 | Y2 ": 40.222119799999994,
    "Y1 | Y3 ": 50.592577999999996,
    "Y1 | Y4 ": 45.2221197,
    "Y1 | Y5 ": 49.399526,
    "Y1 | Y6 ": 39.39952656,
    "Y1 | Y7 ": 41.06204714,
    "Y1 | Y8 ": 41.14576854,
    "Y1 | Y9 ": 40.7193056,
    "Y1 | Y10 ": 56.991051,
    "Y1 | Y11 ": 59.899069999999995,
    "Y1 | Y12 ": 101.42493400000001,
    "Y1 | Y13 ": 84.778572,
    "Y1 | Y14 ": 20.4511,
    "Y1 | Y15 ": 32.774933999999995,
    "Y1 | Y16 ": 435.734934,
    "Y1 | Y17 ": 439.778572,
    "Y1 | Y18 ": 831.744934,
    "Y1 | Y19 ": 445.734934,
    "Y1 | Y20 ": 564.1349339999999,
    "Y1 | Y21 ": 8039.778572,
    "Y1 | Y22 ": 7960.221428,
    "Y1 | Y23 ": 7960.221428,
    "Y1 | Y24 ": 16039.778572,
    "Y1 | Y25 ": 24034.778572,
    "Y1 | Y26 ": 10543.183934,
    "Y1 | Y27 ": 10608.221428,
    "Y1 | Y28 ": 8059.778572,
    "Y1 | Y29 ": 8316.333934,
    "Y1 | Y30 ": 8834.778572,
    "Y1 | Y31 ": 59.624933999999996,
    "Y1 | Y32 ": 44.185876,
    "Y1 | Y33 ": 59.750168,
    "Y1 | Y34 ": 40.839771799999994,
    "Y1 | Y35 ": 49.624933999999996,
    "Y1 | Y36 ": 139.224934,
    "Y1 | Y37 ": 59.899069999999995,
    "Y1 | Y38 ": 41.5623228,
    "Y1 | Y39 ": 436.602594,
    "Y1 | Y40 ": 859.813328,
    "Y1 | Y41 ": 80.235046,
    "Y1 | Y42 ": 0.4959680000000013,
    "Y1 | Y43 ": 42.7156538,
    "Y1 | Y44 ": 40.159454219,
    "Y1 | Y45 ": 52.715654,
    "Y1 | Y46 ": 45.018238999999994,
    "Y1 | Y47 ": 45.4343036,
    "Y1 | Y48 ": 40.398987489999996,
    "Y1 | Y49 ": 40.5925781,
    "Y1 | Y50 ": 40.20188795,
    "Y2 | Y1 ": 39.6912209,
    "Y2 | Y2 ": 40.60016684,
    "Y2 | Y3 ": 49.205171,
    "Y2 | Y4 ": 45.6001667,
    "Y2 | Y5 ": 51.426508999999996,
    "Y2 | Y6 ": 41.4265091,
    "Y2 | Y7 ": 41.4240776,
    "Y2 | Y8 ": 41.20614354,
    "Y2 | Y9 ": 41.181488699999996,
    "Y2 | Y10 ": 58.337495,
    "Y2 | Y11 ": 20.658865,
    "Y2 | Y12 ": 21.732119999999995,
    "Y2 | Y13 ": 5.963699999999996,
    "Y2 | Y14 ": 60.458864999999996,
    "Y2 | Y15 ": 53.07859,
    "Y2 | Y16 ": 440.07859,
    "Y2 | Y17 ": 436.56886499999996,
    "Y2 | Y18 ": 840.07859,
    "Y2 | Y19 ": 450.07859,
    "Y2 | Y20 ": 483.851135,
    "Y2 | Y21 ": 7959.92141,
    "Y2 | Y22 ": 8040.07859,
    "Y2 | Y23 ": 8040.07859,
    "Y2 | Y24 ": 15959.92141,
    "Y2 | Y25 ": 23954.92141,
    "Y2 | Y26 ": 10462.900135,
    "Y2 | Y27 ": 10688.07859,
    "Y2 | Y28 ": 7979.92141,
    "Y2 | Y29 ": 8236.050135,
    "Y2 | Y30 ": 8754.92141,
    "Y2 | Y31 ": 60.07859,
    "Y2 | Y32 ": 44.550726,
    "Y2 | Y33 ": 60.203199999999995,
    "Y2 | Y34 ": 39.54310633,
    "Y2 | Y35 ": 50.07859,
    "Y2 | Y36 ": 140.07859,
    "Y2 | Y37 ": 60.458864999999996,
    "Y2 | Y38 ": 40.188406699999994,
    "Y2 | Y39 ": 439.16566,
    "Y2 | Y40 ": 939.67049,
    "Y2 | Y41 ": 0.49770300000000134,
    "Y2 | Y42 ": 80.28263,
    "Y2 | Y43 ": 43.0743223,
    "Y2 | Y44 ": 40.571349395,
    "Y2 | Y45 ": 53.074321999999995,
    "Y2 | Y46 ": 45.3769074,
    "Y2 | Y47 ": 45.85217,
    "Y2 | Y48 ": 40.343174829999995,
    "Y2 | Y49 ": 40.991535299999995,
    "Y2 | Y50 ": 40.5679741,
    "Y3 | Y1 ": 19.3013227,
    "Y3 | Y2 ": 20.62235007,
    "Y3 | Y3 ": 29.301323,
    "Y3 | Y4 ": 25.62235,
    "Y3 | Y5 ": 30.522716,
    "Y3 | Y6 ": 21.1272133,
    "Y3 | Y7 ": 20.7711783,
    "Y3 | Y8 ": 20.5902457,
    "Y3 | Y9 ": 21.412156699999997,
    "Y3 | Y10 ": 38.473173,
    "Y3 | Y11 ": 0.4989360000000005,
    "Y3 | Y12 ": 42.069322,
    "Y3 | Y13 ": 25.010882,
    "Y3 | Y14 ": 40.214268000000004,
    "Y3 | Y15 ": 33.214268000000004,
    "Y3 | Y16 ": 420.214268,
    "Y3 | Y17 ": 415.640678,
    "Y3 | Y18 ": 820.214268,
    "Y3 | Y19 ": 430.214268,
    "Y3 | Y20 ": 504.779322,
    "Y3 | Y21 ": 7979.785732,
    "Y3 | Y22 ": 8020.214268,
    "Y3 | Y23 ": 8020.214268,
    "Y3 | Y24 ": 15979.785732,
    "Y3 | Y25 ": 23974.785732,
    "Y3 | Y26 ": 10483.828322000001,
    "Y3 | Y27 ": 10668.214268,
    "Y3 | Y28 ": 7999.785732,
    "Y3 | Y29 ": 8256.978322,
    "Y3 | Y30 ": 8774.785732,
    "Y3 | Y31 ": 40.214268000000004,
    "Y3 | Y32 ": 24.686404,
    "Y3 | Y33 ": 40.338878,
    "Y3 | Y34 ": 20.1907276,
    "Y3 | Y35 ": 30.214268,
    "Y3 | Y36 ": 120.214268,
    "Y3 | Y37 ": 39.530677999999995,
    "Y3 | Y38 ": 20.187822429999997,
    "Y3 | Y39 ": 419.301338,
    "Y3 | Y40 ": 919.806168,
    "Y3 | Y41 ": 20.628893,
    "Y3 | Y42 ": 60.418307999999996,
    "Y3 | Y43 ": 28.983500745,
    "Y3 | Y44 ": 20.205934666,
    "Y3 | Y45 ": 33.21,
    "Y3 | Y46 ": 26.680914745000003,
    "Y3 | Y47 ": 26.491989255,
    "Y3 | Y48 ": 20.02798972,
    "Y3 | Y49 ": 21.1272133,
    "Y3 | Y50 ": 20.6111176,
    "Y4 | Y1 ": 1.5568675399999998,
    "Y4 | Y2 ": 1.5719849,
    "Y4 | Y3 ": 11.556867500000001,
    "Y4 | Y4 ": 6.5419277000000005,
    "Y4 | Y5 ": 11.55366323,
    "Y4 | Y6 ": 1.59036914,
    "Y4 | Y7 ": 1.6427374499999998,
    "Y4 | Y8 ": 1.6402576999999998,
    "Y4 | Y9 ": 2.5306322000000003,
    "Y4 | Y10 ": 18.583819249999998,
    "Y4 | Y11 ": 19.841180136,
    "Y4 | Y12 ": 61.21097518,
    "Y4 | Y13 ": 44.741180136,
    "Y4 | Y14 ": 20.413824299999998,
    "Y4 | Y15 ": 13.4620442,
    "Y4 | Y16 ": 400.32491425,
    "Y4 | Y17 ": 399.67508575,
    "Y4 | Y18 ": 800.32491425,
    "Y4 | Y19 ": 410.32491425,
    "Y4 | Y20 ": 523.8961757,
    "Y4 | Y21 ": 7999.67508575,
    "Y4 | Y22 ": 8000.32491425,
    "Y4 | Y23 ": 8000.32491425,
    "Y4 | Y24 ": 15999.67508575,
    "Y4 | Y25 ": 23994.67508575,
    "Y4 | Y26 ": 10502.9451757,
    "Y4 | Y27 ": 10648.32491425,
    "Y4 | Y28 ": 8019.67508575,
    "Y4 | Y29 ": 8276.0951757,
    "Y4 | Y30 ": 8794.67508575,
    "Y4 | Y31 ": 20.32491425,
    "Y4 | Y32 ": 5.0505122,
    "Y4 | Y33 ": 20.44952425,
    "Y4 | Y34 ": 1.9273582399999998,
    "Y4 | Y35 ": 10.32491425,
    "Y4 | Y36 ": 100.32491425,
    "Y4 | Y37 ": 20.413824299999998,
    "Y4 | Y38 ": 2.1316733,
    "Y4 | Y39 ": 399.41198425,
    "Y4 | Y40 ": 899.91681425,
    "Y4 | Y41 ": 40.175000136,
    "Y4 | Y42 ": 40.52895425,
    "Y4 | Y43 ": 28.99955696,
    "Y4 | Y44 ": 0.7525598929999999,
    "Y4 | Y45 ": 18.99955696,
    "Y4 | Y46 ": 26.69697096,
    "Y4 | Y47 ": 26.47593304,
    "Y4 | Y48 ": 0.49974158999999996,
    "Y4 | Y49 ": 1.59036914,
    "Y4 | Y50 ": 1.4679272
  }
}